burst,messages_processed,time_seconds,throughput_msgs_per_sec
1,23409,2155.1432976722717,10.861922743273547
2,12996,1212.2667572498322,10.72041274932172
3,11236,1044.0248923301697,10.762195501797144
4,28224,2641.7986204624176,10.683630380221677
